Date,Max_Temp_C,Grid_Load_MW
2023-04-01,44.653682343866855,2483.202710364826
2023-04-02,43.38372543550202,2516.2248311745116
2023-04-03,44.95563111404577,2498.657186025373
2023-04-04,46.70631375066044,2624.084030033171
2023-04-05,43.191947288397714,2487.0999693711133
2023-04-06,43.19198012394603,2411.18178345412
2023-04-07,46.818679668859176,2646.2027587502566
2023-04-08,45.19512349615021,2493.0549000616
2023-04-09,,2405.9968811011636
2023-04-10,44.74537412501632,2553.2578029579427
2023-04-11,42.73341865221946,2357.0212459343898
2023-04-12,,2458.4634634332137
2023-04-13,44.14417858097646,2506.227039102489
2023-04-14,39.83369354852879,2019.3091751472969
2023-04-15,40.210418372818324,2021.7166253441492
2023-04-16,,2494.9909704668144
2023-04-17,41.63459179717554,2087.990814991172
2023-04-18,44.28874870303493,2492.967158095484
2023-04-19,41.844205886801966,2098.3251694917126
2023-04-20,40.83564663517381,2068.9472332105097
2023-04-21,46.5915515756875,2632.02058230066
2023-04-22,43.208701436871316,2462.46465640376
2023-04-23,43.79531044722024,2454.665937970674
2023-04-24,,2007.3928373933265
2023-04-25,42.571488588794026,2358.4441658497167
2023-04-26,43.88209921726412,2581.583798022553
2023-04-27,41.358266882999786,2005.720182380425
2023-04-28,44.411650074535736,2485.9372438369915
2023-04-29,42.458976658006776,2387.028469621879
2023-04-30,43.07686653825783,2498.589545760114
2023-05-01,38.79658677554121,1925.081854862459
2023-05-02,43.70455636901787,2547.6149220845805
2023-05-03,,1964.9757463140133
2023-05-04,37.8845781420882,1908.1786152156003
2023-05-05,41.64508982420638,2040.4871385473311
2023-05-06,37.558312700057954,1985.1730913915671
2023-05-07,40.41772719000951,1961.5064385489998
2023-05-08,36.08065975224045,1819.5240231233738
2023-05-09,37.34362790220314,1898.870239156762
2023-05-10,40.39372247173824,2040.376078459487
2023-05-11,,2064.582275055656
2023-05-12,40.34273656237994,2010.6457931323257
2023-05-13,39.76870343522352,1990.6257453601318
2023-05-14,39.39779260882142,1962.5395303596465
2023-05-15,37.04295601926515,1900.341756803003
2023-05-16,38.560311583210584,2038.5417292400969
2023-05-17,39.07872245808043,1926.0615336536298
2023-05-18,42.11424445243783,2337.222073642938
2023-05-19,40.68723657913692,2029.9477265392834
2023-05-20,36.47391968927453,1952.6814513464424
2023-05-21,40.64816793878959,1992.2246685409932
2023-05-22,39.22983543916737,2043.4476122305718
2023-05-23,38.646155999388085,2016.1928406732263
2023-05-24,41.22335257768174,2033.488216798687
2023-05-25,42.0619990449919,2431.5491062088586
2023-05-26,41.8625602382324,2174.547843068047
2023-05-27,38.32156495355472,1897.1218606283617
2023-05-28,39.38157524829757,1958.8997444097606
2023-05-29,40.66252686280713,2004.042297442924
2023-05-30,41.95109025424472,2046.8166761775926
2023-05-31,39.04165152430942,1919.6186989621708
2023-06-01,34.62868204667237,1670.2370889955055
2023-06-02,32.787330051987944,1641.0706760123585
2023-06-03,32.60758675183866,1591.880676039001
2023-06-04,36.6250516447884,1842.9418778289573
2023-06-05,37.71248005714165,1807.829220546901
2023-06-06,34.85597975683933,1759.3429994526896
2023-06-07,37.00706579578405,1892.029737869649
2023-06-08,35.72327205009527,1686.4768203761905
2023-06-09,33.709760490789755,1704.1908530318663
2023-06-10,35.722791211016826,1847.523010174506
2023-06-11,38.07607313293194,1843.3216057120367
2023-06-12,34.928347921780095,1830.04601543089
2023-06-13,38.12928731162801,1927.4153160497028
2023-06-14,29.76050979182051,1452.774896803105
2023-06-15,36.64380500875045,1829.4017965546373
2023-06-16,35.17409413647634,1786.6210524499031
2023-06-17,34.401985299068265,1723.899534524034
2023-06-18,35.183521553071,1786.1138772758686
2023-06-19,31.024862170798215,1505.2094288859423
2023-06-20,34.56065622432497,1736.5008524180525
2023-06-21,35.71422514302349,1715.0255323059255
2023-06-22,37.95578808948303,1892.2281014067164
2023-06-23,33.9634595634527,1652.9775960993957
2023-06-24,,1632.3741425811932
2023-06-25,33.99648591283093,1761.628954402068
2023-06-26,36.830804235404145,1896.1057177999207
2023-06-27,35.65750221931937,1813.3320170113273
2023-06-28,33.94047959246592,1642.408341389667
2023-06-29,36.02653486622671,1785.5063208265956
2023-06-30,35.19415509869608,1820.3626399337631
2023-07-01,31.93728998106578,1603.9503447352843
2023-07-02,28.5958938122453,1545.7611676113497
2023-07-03,29.344675706804466,1486.8996773099418
2023-07-04,29.215783693735688,1470.391640511286
2023-07-05,27.072970103735766,1338.1926819766632
2023-07-06,30.592240554129155,1536.289072945572
2023-07-07,30.522110544359784,1518.4820353989621
2023-07-08,30.010226913284924,1535.9167794986756
2023-07-09,29.53082573324971,1524.3764025022147
2023-07-10,27.169258515899173,1319.1634527695612
2023-07-11,29.158709354469284,1391.3738200455753
2023-07-12,29.314570966946466,1373.9182796921584
2023-07-13,28.395445461556765,1445.1718394234654
2023-07-14,29.677428576667985,1428.7030985247056
2023-07-15,30.808101713629082,1432.76055603383
2023-07-16,33.77237180242106,1708.0475203476012
2023-07-17,30.34915562566368,1642.1077571548235
2023-07-18,30.515100781445533,1525.451493495282
2023-07-19,29.85110816846767,1534.4799471459655
2023-07-20,26.16245756940192,1312.2143463974742
2023-07-21,29.94697224910157,1492.4041297955214
2023-07-22,30.120460419882058,1551.9768451434913
2023-07-23,34.92648422497058,1731.8104840390965
2023-07-24,29.615278070437757,1494.133519225483
2023-07-25,30.60309468466723,1546.239624543162
2023-07-26,,1463.1243003473235
2023-07-27,27.66264392476094,1432.7343137148732
2023-07-28,32.28564562903004,1605.5342936167317
2023-07-29,31.50386606537355,1537.4060452940353
2023-07-30,31.582063894086097,1605.9286868828249
2023-07-31,28.181225090410525,1364.1378554309745
2023-08-01,29.145334584027815,1458.675787069847
2023-08-02,23.536043836571054,1176.3462419963425
2023-08-03,27.513460149756156,1429.9677857793868
2023-08-04,,1559.7677723327763
2023-08-05,24.358673311894236,1216.6823176574546
2023-08-06,25.20715050295007,1301.245840107518
2023-08-07,26.539048692330898,1396.4628120674106
2023-08-08,25.332794653923216,1294.5302480137539
2023-08-09,23.23841910002335,1162.4385859933363
2023-08-10,26.47687191176767,1258.2517839708755
2023-08-11,24.215138534703406,1157.5012435814017
2023-08-12,27.286930823425976,1349.0853059535655
2023-08-13,24.500897493688008,1194.5692645764361
2023-08-14,29.439614772190694,1462.6321734602625
2023-08-15,24.77323937748314,1241.4944651190124
2023-08-16,25.695622929744264,1311.2657842050496
2023-08-17,27.966780396894954,1394.8140809417932
2023-08-18,23.878017329287704,1218.2259486556952
2023-08-19,26.794665831363872,1342.9570123086996
2023-08-20,28.95403147072047,1348.92824521833
2023-08-21,23.12477949303316,1109.27220496072
2023-08-22,26.709013679220224,1328.2463061749304
2023-08-23,26.85951155065246,1282.4908403905677
2023-08-24,27.903391705710234,1425.1660217853218
2023-08-25,23.86584454039945,1269.8297686371573
2023-08-26,23.69883273598706,1245.879729384219
2023-08-27,27.38362909338941,1358.50931112296
2023-08-28,26.933715308621988,1421.222072273597
2023-08-29,26.840731662847368,1349.4699560024737
2023-08-30,27.032642381149564,1334.7778205015761
2023-08-31,24.979696518998633,1218.3146927728847
2023-09-01,25.464507394322005,1258.1018853916937
2023-09-02,25.58614494659736,1259.8984064028066
2023-09-03,23.571297163947264,1187.0856693161377
2023-09-04,28.731549022289514,1444.606150166969
2023-09-05,25.947665841823575,1297.5355930988494
2023-09-06,22.617393005594703,1152.7165587670527
2023-09-07,26.31310721726766,1375.1876746027
2023-09-08,23.050636659545358,1200.009539749334
2023-09-09,26.574169207484903,1254.4635619517499
2023-09-10,27.317191158014808,1238.1635011556427
2023-09-11,23.358635363296578,1214.6477637267926
2023-09-12,,1277.9936780036612
2023-09-13,25.825561853872998,1280.0398225990157
2023-09-14,26.64412031998898,1273.7003646964808
2023-09-15,28.793585965307894,1349.5802763863937
2023-09-16,,1252.5343248099525
2023-09-17,23.49252767128502,1212.5841415793834
2023-09-18,23.220971140748954,1132.2230370011116
2023-09-19,,1038.8668568962105
2023-09-20,,1214.9776066459656
2023-09-21,25.682303949633287,1303.7053977517917
2023-09-22,25.55338159866004,1203.7235014942955
2023-09-23,26.654366498072047,1341.8863208925602
2023-09-24,25.026003783755815,1250.534696729141
2023-09-25,27.907068154314633,1424.3179826957862
2023-09-26,24.47068633352409,1229.5133350969122
2023-09-27,30.440338333179238,1473.3634696148843
2023-09-28,26.251334695530012,1372.3953098597253
2023-09-29,23.285684887167434,1156.3577657070232
2023-09-30,22.858215003877774,1141.5455232183922
2023-10-01,27.304690792641985,1318.5711416784395
2023-10-02,25.892820391503914,1272.4769070156203
2023-10-03,27.7677469503398,1344.1472118156448
2023-10-04,27.286221211302703,1355.663757568964
2023-10-05,26.19408813684187,1395.2898308492106
2023-10-06,24.646158526018805,1163.7128691543726
2023-10-07,23.310051512783886,1084.824505745357
2023-10-08,25.446716058021572,1345.894319275759
2023-10-09,28.05254355080256,1392.1609936825348
2023-10-10,26.767933450416024,1304.9430355878053
2023-10-11,23.848268404731638,1244.4086546063859
2023-10-12,26.68610781385798,1304.0246137060558
2023-10-13,27.11038072161329,1446.8195217580114
2023-10-14,24.57203108975335,1262.497848054631
2023-10-15,26.64719617404667,1307.9642382950485
2023-10-16,26.456163399047615,1430.673580615656
2023-10-17,24.05380536649437,1172.4045221745516
2023-10-18,27.05532068285218,1389.8708027430744
2023-10-19,27.461315014892083,1388.0303797649287
2023-10-20,28.505848448506168,1490.3794868952482
2023-10-21,28.44735006622542,1500.4430631476137
2023-10-22,23.58440722624143,1180.82056876536
2023-10-23,24.46409588232537,1185.5339005989595
2023-10-24,27.369816496572934,1391.4894319756027
2023-10-25,27.36731786398003,1334.4801247113962
2023-10-26,27.36984133476771,1469.1614291147166
2023-10-27,34.045208943465056,1709.0872137273896
2023-10-28,27.481526983541947,1355.810271611492
2023-10-29,28.610877242516814,1439.777877419086
2023-10-30,28.24774948914202,1345.0311599806162
2023-10-31,27.64252846476721,1333.545721312828
2023-11-01,29.369461510719304,1528.4937709331864
2023-11-02,31.51793844098653,1543.0522081007568
2023-11-03,28.454349570924855,1370.3719294121458
2023-11-04,29.52636278651998,1503.1507769523632
2023-11-05,29.029272904341788,1510.7488529502393
2023-11-06,30.16374827877264,1544.1350794718853
2023-11-07,34.629317133347016,1781.2682409576416
2023-11-08,26.2654696148165,1275.4337263123518
2023-11-09,31.372520380749023,1497.535485700359
2023-11-10,26.774568257620693,1413.7950954788091
2023-11-11,29.05613626842113,1436.6728214789498
2023-11-12,32.17790119393473,1596.353408873984
2023-11-13,30.128560038190923,1572.837709001999
2023-11-14,27.844510444141385,1420.0370226771022
2023-11-15,28.56939258148006,1451.2640176780833
2023-11-16,31.359195497869347,1676.2098921385216
2023-11-17,28.53926673656572,1394.7874253092791
2023-11-18,30.432917179163947,1568.0378653622593
2023-11-19,30.091143679807622,1507.4078402352354
2023-11-20,28.696799304788364,1448.269579182581
2023-11-21,34.28788817865065,1790.817830253159
2023-11-22,31.26783804463602,1588.7836900462821
2023-11-23,25.949714826684783,1324.400545286721
2023-11-24,30.372908629538852,1572.2707983424327
2023-11-25,28.67642707046322,1415.5737170460168
2023-11-26,,1543.282850112672
2023-11-27,,1368.507466455678
2023-11-28,29.770527117066198,1390.20852638451
2023-11-29,,1653.3090843950615
2023-11-30,31.73151038834024,1531.4151011309277
2023-12-01,32.599407185888445,1618.9076781151336
2023-12-02,34.3309975283181,1702.709211421459
2023-12-03,34.05010937767809,1717.8758037743596
2023-12-04,33.69334153485258,1725.4539373695939
2023-12-05,38.530908480562196,1969.569098446097
2023-12-06,35.809963421921914,1761.3442991676486
2023-12-07,32.47823209132991,1615.5555188771748
2023-12-08,36.83572389410955,1855.9151922298925
2023-12-09,39.244312394025265,1949.7810633920858
2023-12-10,37.06493052110229,1933.6138048561143
2023-12-11,31.961260068091974,1622.6117509865112
2023-12-12,34.0315318542675,1738.320482015866
2023-12-13,,1909.8351783520327
2023-12-14,33.584661068762436,1737.906746312388
2023-12-15,35.887638856292455,1803.433020749808
2023-12-16,36.549268106858676,1762.6218079451414
2023-12-17,33.146139056843836,1677.2913504298238
2023-12-18,34.8809492878764,1711.4796197042283
2023-12-19,28.517465319861856,1399.442431905605
2023-12-20,32.95122471733142,1676.8794368043257
2023-12-21,34.49486369721368,1786.6573384323658
2023-12-22,32.5044336360703,1626.2852606403183
2023-12-23,38.26482260786327,1928.6827810231118
2023-12-24,32.13971724407873,1692.0966094356986
2023-12-25,34.11991102660603,1718.0332103047301
2023-12-26,35.26148115457218,1893.1582134376288
2023-12-27,37.88254657813223,1922.4028111881887
2023-12-28,32.12827569764112,1518.375646924265
2023-12-29,37.326327504309916,1903.9834562707224
2023-12-30,35.020466122039174,1770.0812253460977
2023-12-31,33.0369826979041,1716.3367725993423
2024-01-01,40.92420694852654,2079.8694149898247
2024-01-02,40.39811939114694,2012.9831703581585
2024-01-03,38.79956624568241,1878.7634004696524
2024-01-04,40.13960416998004,1996.5290456347007
2024-01-05,39.22937280627648,1918.942617603359
2024-01-06,40.2270346905025,1982.325562034889
2024-01-07,41.3242613490421,2095.6419876731356
2024-01-08,43.172033632290706,2542.0969068321056
2024-01-09,37.524369002346305,1895.9520266084642
2024-01-10,44.266066749312536,2453.509184363868
2024-01-11,36.095824400954996,1827.021353458757
2024-01-12,39.69642980992883,2044.6530648287242
2024-01-13,41.17663441296915,2028.3425754324885
2024-01-14,40.561983735470065,2021.3983284398576
2024-01-15,38.754600960358815,1938.4644577544004
2024-01-16,,1939.9428593101607
2024-01-17,39.01399813068233,1983.1139282263096
2024-01-18,38.82127048611158,1935.01611687519
2024-01-19,41.699204194042046,2105.936831897454
2024-01-20,40.71403097193009,1991.3269397063996
2024-01-21,38.61418080947869,1908.836125457764
2024-01-22,41.7991997508665,2126.0790554347136
2024-01-23,40.614599041753216,2012.0882944830726
2024-01-24,41.62572423767792,2167.6344044455664
2024-01-25,41.259257683847224,2042.9810749116311
2024-01-26,38.34200997815586,1928.334735195387
2024-01-27,38.87963791960606,1990.6114375739576
2024-01-28,41.49458721024652,2003.8110738656744
2024-01-29,41.22074053086693,1972.9965859443073
2024-01-30,39.958196812071705,1921.6270248750805
2024-01-31,40.23465476661757,2074.8619435022374
2024-02-01,46.215583829421234,2583.186284176439
2024-02-02,42.47711126017272,2551.7655272920483
2024-02-03,44.754448800184456,2509.5100600763535
2024-02-04,43.255868732976595,2472.021001808682
2024-02-05,43.224891631389944,2538.3500791978913
2024-02-06,45.85780774181876,2693.195031498894
2024-02-07,45.31108673582044,2668.6295156228416
2024-02-08,45.28727330984566,2624.7819770219403
2024-02-09,46.27121165215304,2664.763708898225
2024-02-10,43.7022617211099,2514.739433515554
2024-02-11,45.02415998043431,2590.1260528300477
2024-02-12,43.03972052465747,2424.4267404164466
2024-02-13,44.30858674282127,2474.519392969948
2024-02-14,43.39996792910901,2469.8296735849026
2024-02-15,43.85424596782982,2484.2030672652445
2024-02-16,44.85056808871821,2519.867001969547
2024-02-17,42.023812671377435,2436.0100059417077
2024-02-18,47.8450285892153,2740.016689889291
2024-02-19,41.648219274844976,2086.8313080568414
2024-02-20,41.231876812268915,2135.470344666209
2024-02-21,45.97647578484452,2541.7393335355505
2024-02-22,45.24357942577026,2552.495998324527
2024-02-23,44.90849367194869,2509.5835675672943
2024-02-24,44.91694505637294,2452.5204219649936
2024-02-25,43.63576049215055,2477.6539903153925
2024-02-26,41.86574529487272,2087.1998893244718
2024-02-27,43.81186315423184,2566.265644873698
2024-02-28,42.305930614820156,2446.8371149687464
2024-02-29,45.61049350467989,2529.315334017534
2024-03-01,44.70588523699572,2627.998890166495
2024-03-02,43.34900560641498,2528.5019650970166
2024-03-03,44.35722831669401,2546.9663010081317
2024-03-04,45.82586290855125,2579.968940485071
2024-03-05,43.87255089439205,2445.655582883428
2024-03-06,43.355559208867135,2449.167621639804
2024-03-07,,2628.8061521344007
2024-03-08,45.489933142217446,2668.725972407603
2024-03-09,43.98611364925774,2576.4678588764964
2024-03-10,44.057923388763356,2478.4536983488542
2024-03-11,45.464099874715274,2517.224122071313
2024-03-12,42.10383131700535,2412.235878195828
2024-03-13,42.18507245124689,2320.8316542842017
2024-03-14,43.56311155749513,2494.3139635839952
2024-03-15,44.573105696576306,2521.2751555138816
2024-03-16,45.62181513119601,2557.7889314663885
2024-03-17,47.950712433899106,2617.800468331616
2024-03-18,46.715319246404036,2661.4459676486877
2024-03-19,44.68012294007315,2507.3711050205616
2024-03-20,44.961967584194625,2489.6025374242167
2024-03-21,42.99494127072438,2306.133952872137
2024-03-22,44.96297372801522,2546.772941148229
2024-03-23,44.42268272215972,2609.746715941473
2024-03-24,45.64543712067618,2665.3348167612025
2024-03-25,43.345538112895355,2444.422092815454
2024-03-26,46.03869302848234,2571.824048406028
2024-03-27,48.06547782600516,2726.7126041040087
2024-03-28,44.78247970308629,2489.2047131948993
2024-03-29,45.80342344419788,2605.2607672008676
2024-03-30,46.38028798342223,2657.318413090346
2024-03-31,44.19755905622833,2571.224614005632
2024-04-01,44.10843900146522,2500.4142462492637
2024-04-02,43.68543883940798,2474.0882544615506
2024-04-03,43.85560623494205,2448.8811824092745
2024-04-04,42.114234470133454,2364.3677058046796
2024-04-05,43.709274386362274,2474.1397747230376
2024-04-06,44.656250620335285,2551.180806357573
2024-04-07,46.562541253434475,2673.8062939833862
2024-04-08,45.5787956900148,2538.7808369667223
2024-04-09,47.9666189528675,2772.965376091351
2024-04-10,42.12555891206829,2392.721765551286
2024-04-11,45.40489531128574,2569.1764008468654
2024-04-12,44.026938049321096,2463.9863185086638
2024-04-13,48.03985990427974,2580.7809822003396
2024-04-14,42.04365746713409,2446.385143174757
2024-04-15,41.98081035348284,2135.8827125287635
2024-04-16,42.46146874695634,2409.0070594919066
2024-04-17,39.41246258922477,1973.9726653224823
2024-04-18,42.608743994482865,2456.2341606093482
2024-04-19,42.141988714736996,2328.972142892523
2024-04-20,43.961041610796805,2471.599446672525
2024-04-21,44.343765989398705,2556.901533451027
2024-04-22,47.41259571627616,2607.9153146553454
2024-04-23,45.56110171421649,2592.7329823191562
2024-04-24,42.506446726519584,2357.4932460948094
2024-04-25,41.86342469514767,2116.49273387906
2024-04-26,44.6440923808574,2530.4225449279957
2024-04-27,41.019787623803104,1970.2327903948797
2024-04-28,47.3231715695531,2724.3955462005133
2024-04-29,46.019134279286966,2564.227135124446
2024-04-30,42.72190273363498,2395.58251483103
2024-05-01,36.57373094181825,1838.7150069524596
2024-05-02,42.707744748330825,2492.819104887977
2024-05-03,39.77092030949476,1937.7549245258183
2024-05-04,42.47563262394692,2426.8656236897446
2024-05-05,36.81114468241127,1861.998059137092
2024-05-06,38.801249954092455,1974.7177780677798
2024-05-07,40.010487399436364,2009.3464477356795
2024-05-08,40.09396118752949,1986.3466674223082
2024-05-09,39.09986905704151,1913.6139418196394
2024-05-10,41.245699864695,2066.5921873870684
2024-05-11,37.86475914123481,1839.6310064624604
2024-05-12,39.71524102995741,1839.6945273231402
2024-05-13,40.240591263423795,2033.8575533790731
2024-05-14,41.028877668117495,2096.6406254601843
2024-05-15,41.42322975617778,1953.014866031797
2024-05-16,37.75071581632426,1837.0492555807161
2024-05-17,36.93177165852875,1877.5462959766974
2024-05-18,42.55535364379702,2530.6424556754364
2024-05-19,40.66462802395918,2034.2710865817294
2024-05-20,38.50302692688689,1888.7511992828877
2024-05-21,43.102303951045045,2445.97037549701
2024-05-22,40.23134926858572,2080.311284386695
2024-05-23,42.358594368127655,2385.6315094501556
2024-05-24,40.135036962820216,1966.792247808498
2024-05-25,44.121495849763974,2481.937616379097
2024-05-26,43.51068168488641,2427.8676538313844
2024-05-27,39.50207170304185,1981.2371009518322
2024-05-28,41.94314190190871,2178.3910180189137
2024-05-29,41.290751899170296,2080.6915586143164
2024-05-30,42.7372631150647,2424.2454806469204
2024-05-31,38.070153078839795,1888.9170904962125
2024-06-01,36.37210291999688,1740.445605565011
2024-06-02,37.11684897369918,1899.997937542317
2024-06-03,31.482521027153773,1570.2341915070485
2024-06-04,32.63348297466845,1622.6501530538915
2024-06-05,30.9215356444798,1705.7321606162332
2024-06-06,34.46118633111089,1737.9969619738288
2024-06-07,36.435084511591924,1784.1646730748369
2024-06-08,38.004714104192054,1878.9178253993255
2024-06-09,35.14818956083955,1814.831763501815
2024-06-10,38.257231091142586,1918.5250750840175
2024-06-11,32.23979708357022,1540.0759552626425
2024-06-12,31.59323512128969,1625.6232027932447
2024-06-13,34.888904602206765,1711.0380258333887
2024-06-14,35.76813089787861,1882.071433704808
2024-06-15,34.93461050381181,1800.732928476323
2024-06-16,30.865115799920247,1520.8896952130747
2024-06-17,34.82175992097442,1805.1388141354769
2024-06-18,32.39106099899029,1622.9458254758847
2024-06-19,36.33934509766008,1859.605938639115
2024-06-20,,1810.8964654744088
2024-06-21,33.12024042734529,1613.6941886177208
2024-06-22,33.972266165326616,1666.4358166504576
2024-06-23,32.881572956222094,1695.5766886901627
2024-06-24,34.874641805453656,1726.9933236673558
2024-06-25,36.91028464100248,1825.331808888024
2024-06-26,33.028547907328914,1603.6712663989779
2024-06-27,,1821.5846048314577
2024-06-28,33.939484763255116,1800.100484124913
2024-06-29,33.41425433547531,1617.3360710610518
2024-06-30,34.785939280090886,1740.5079368381823
2024-07-01,27.929515355161257,1467.0867955288343
2024-07-02,28.89270138930564,1440.6529999029963
2024-07-03,27.604244214822305,1402.830800553602
2024-07-04,,1643.3528368842951
2024-07-05,30.070527103943462,1524.9417100575556
2024-07-06,28.600548984014832,1420.670235950514
2024-07-07,30.42795982146845,1570.6844908574155
2024-07-08,29.775343900618346,1548.1364976091547
2024-07-09,,1607.3812221476087
2024-07-10,31.228333400086854,1590.3983286650214
2024-07-11,31.515015420094613,1592.0405868338391
2024-07-12,28.93899770477895,1456.6691003178144
2024-07-13,28.848363518710645,1424.7598612949978
2024-07-14,29.449896605696715,1489.4190224579202
2024-07-15,,1255.0378130194902
2024-07-16,26.9696178756029,1356.9039425936257
2024-07-17,,1702.5673035248508
2024-07-18,33.28993542700257,1614.1696430861464
2024-07-19,29.501927920887248,1532.0903241008145
2024-07-20,31.153113926111537,1623.51144967257
2024-07-21,30.622500309087076,1525.2215891048
2024-07-22,36.15776161691048,1701.795335895094
2024-07-23,32.23914982286916,1581.5663917887364
2024-07-24,29.74416481703847,1552.057968179979
2024-07-25,28.08891911879915,1403.3025528250134
2024-07-26,26.787107359484857,1289.3902563594972
2024-07-27,,1495.1076175253115
2024-07-28,28.487298509431398,1466.3959267967975
2024-07-29,27.155492580804655,1385.1113074503019
2024-07-30,28.70685423151495,1423.3961066172628
2024-07-31,,1373.5039790478263
2024-08-01,29.714029232300746,1466.1135541628462
2024-08-02,28.103025476054516,1359.0307645778007
2024-08-03,26.32380067952238,1396.958818449591
2024-08-04,29.299634239935667,1448.8656885362163
2024-08-05,26.49448257745085,1385.5820549138173
2024-08-06,24.617177559499087,1306.9246805710768
2024-08-07,29.385994116694928,1519.2152507421445
2024-08-08,27.417566049524932,1349.297286840344
2024-08-09,24.2652536535027,1233.4491871919654
2024-08-10,25.9590686059884,1296.7436499798741
2024-08-11,24.5885094553861,1184.2403797327984
2024-08-12,23.57414650022694,1194.9252890974274
2024-08-13,28.1921010572189,1350.6530633029547
2024-08-14,30.158579243095875,1567.312931577872
2024-08-15,23.54261081451733,1153.899675860947
2024-08-16,27.465684435536755,1383.3422045704797
2024-08-17,25.03846082391196,1266.087434772905
2024-08-18,25.365495194626224,1255.3295110461072
2024-08-19,25.154958113677875,1287.0825957576576
2024-08-20,24.611764422795982,1206.843038308673
2024-08-21,26.43678921804527,1365.4043257751257
2024-08-22,24.67784572933354,1166.5933024543397
2024-08-23,26.88065961371529,1350.3519596630852
2024-08-24,26.239269743257342,1408.9099371157813
2024-08-25,25.861849868422794,1243.075927190861
2024-08-26,24.52461863807242,1192.3436833773783
2024-08-27,25.18620330101895,1285.0055575338934
2024-08-28,27.850528413807126,1401.505509787336
2024-08-29,27.341580337404377,1384.6105218338967
2024-08-30,24.38463547255851,1243.6911301353089
2024-08-31,26.538410573014065,1358.6566020787918
2024-09-01,26.502774246743577,1380.6237044349898
2024-09-02,21.66118943775726,1103.5504047342886
2024-09-03,26.08672038475987,1292.2731365070665
2024-09-04,23.674752482108307,1217.366309165552
2024-09-05,26.14119733718632,1402.053963604077
2024-09-06,23.473481686914965,1167.0423970266195
2024-09-07,,1020.785324700016
2024-09-08,21.744915124233675,1142.5997896760325
2024-09-09,25.096169893322763,1248.7894364684582
2024-09-10,25.519445003442964,1167.3387728714465
2024-09-11,23.191366749791182,1201.9394213470803
2024-09-12,26.27718491755475,1287.0928365800414
2024-09-13,21.67695987546208,1079.321329657896
2024-09-14,24.867840402705365,1259.991036663719
2024-09-15,22.577967600475088,1138.4233640127077
2024-09-16,23.69632778439568,1220.288980076736
2024-09-17,25.094797342632827,1232.9655486031493
2024-09-18,23.279173269432096,1189.613953380409
2024-09-19,24.23088891154035,1198.5671116978217
2024-09-20,27.01258561842888,1387.5698049658192
2024-09-21,23.846216260953703,1223.0791872483378
2024-09-22,26.671384224130282,1286.7972761042845
2024-09-23,22.740586290684764,1191.3284203429898
2024-09-24,,1276.1822455358258
2024-09-25,27.8831372413158,1434.559751979847
2024-09-26,20.05671099974542,1021.199915657338
2024-09-27,23.406209489059048,1262.2196582927086
2024-09-28,26.15414425436108,1296.5339135994614
2024-09-29,24.593909227914015,1212.229621589791
2024-09-30,25.742291746742616,1286.1436070427442
2024-10-01,25.131775588723972,1241.4297902944847
2024-10-02,26.512925537101413,1365.6433719521733
2024-10-03,26.028391491371455,1220.6040441467433
2024-10-04,28.67531008547523,1381.0813833164439
2024-10-05,26.84858764875804,1289.0392363589424
2024-10-06,27.01495128630602,1398.2629439139796
2024-10-07,25.51599202991068,1361.3302701246303
2024-10-08,25.364533514010628,1263.0042147736578
2024-10-09,25.47462958651637,1265.290393166318
2024-10-10,27.12865024691221,1359.9351205012695
2024-10-11,25.49777700051509,1332.9827651561639
2024-10-12,26.91929567594844,1299.5971270878933
2024-10-13,30.49054755944649,1536.4458271090639
2024-10-14,28.081995369018998,1452.8596499400712
2024-10-15,25.68769889781993,1309.439653387989
2024-10-16,28.742173806483503,1446.5877711541123
2024-10-17,25.52359521611251,1326.2320654339826
2024-10-18,22.263496891799907,978.0132299400334
2024-10-19,24.323573340320806,1250.0724329925858
2024-10-20,22.598162120103904,1097.2043218488238
2024-10-21,25.636718994072996,1190.3043048608272
2024-10-22,26.376582720534717,1344.3892660029849
2024-10-23,29.69262058670618,1553.3139565934569
2024-10-24,26.99360070968394,1342.8076097528124
2024-10-25,25.901544904537886,1342.7209725870412
2024-10-26,27.99855712452259,1480.5417691255618
2024-10-27,21.917475344139845,1161.6194898861947
2024-10-28,26.810975078372746,1422.5469803872068
2024-10-29,27.88147634992955,1431.180192050072
2024-10-30,23.382573470595933,1172.9003554748763
2024-10-31,28.627254048569473,1351.2644118336152
2024-11-01,30.676992814988825,1521.546516342944
2024-11-02,29.169424172198394,1416.30887884411
2024-11-03,31.265563732212566,1671.825322485519
2024-11-04,34.54138571560879,1718.2749951588225
2024-11-05,30.363732510116986,1524.3468658450734
2024-11-06,30.49644117260067,1552.396327432057
2024-11-07,29.08127820091951,1456.244032364598
2024-11-08,28.300311261070412,1499.7681150750582
2024-11-09,31.660671633088487,1551.9011135677017
2024-11-10,28.287832348182263,1424.1219901709753
2024-11-11,30.143132474438783,1470.0330944370369
2024-11-12,29.044685106469764,1386.233129762453
2024-11-13,30.95795965149278,1517.3095280293746
2024-11-14,,1531.514370676274
2024-11-15,32.075079888515795,1582.2888831999267
2024-11-16,28.979967202290503,1414.3773111208325
2024-11-17,29.460250129413254,1402.6966332870709
2024-11-18,28.042472568435382,1397.9683497903343
2024-11-19,29.111413479847773,1380.3346552908386
2024-11-20,30.754600986089702,1575.7328474889653
2024-11-21,,1579.82084931126
2024-11-22,28.155669351644747,1334.9058926089908
2024-11-23,31.73921184021132,1571.5001381580728
2024-11-24,32.7112757176099,1597.955965600966
2024-11-25,30.826869806447398,1557.302215843329
2024-11-26,33.75359162511613,1754.7021035569637
2024-11-27,28.45242160179285,1328.8624566073552
2024-11-28,27.510690593377163,1381.285833626229
2024-11-29,26.44255950219144,1314.1213353312398
2024-11-30,32.992088622978365,1683.1714349714414
2024-12-01,36.30873131270812,1826.0963970472903
2024-12-02,34.88883065817909,1706.8430663220136
2024-12-03,,1762.0441658486511
2024-12-04,32.74902190540325,1597.6498024299879
2024-12-05,,2048.3755548916124
2024-12-06,35.25844236395046,1763.9877006311199
2024-12-07,35.218789589209784,1855.9990137481395
2024-12-08,36.451533247797386,1819.5436216991384
2024-12-09,35.96201846347343,1762.6805848281483
2024-12-10,35.44776804855826,1696.7026827972716
2024-12-11,33.419051089109374,1580.7955706426715
2024-12-12,35.942936714271994,1717.940038563325
2024-12-13,38.764048992950066,1951.5587821980776
2024-12-14,37.690840092309955,1909.9782557769945
2024-12-15,38.186373253278795,1830.259127562333
2024-12-16,33.97756864713763,1743.6303480606873
2024-12-17,33.02079035948284,1626.88646538997
2024-12-18,,1744.7609585893126
2024-12-19,35.11144982457739,1836.1835226416408
2024-12-20,37.1883830369419,1904.2611176403716
2024-12-21,31.61507074057036,1567.3270046332264
2024-12-22,38.05910063892123,1858.395420675297
2024-12-23,,1626.6084400756358
2024-12-24,34.14623786010516,1671.3542270431371
2024-12-25,32.97579124947966,1638.2330505325983
2024-12-26,31.690286656268462,1535.155356455864
2024-12-27,,1825.7542100415762
2024-12-28,35.14663593437681,1761.1743908667788
2024-12-29,32.42007820051789,1609.7611109354907
2024-12-30,32.40984245587277,1587.9919937524655
2024-12-31,34.32843060141975,1724.8542636693237
2025-01-01,,2488.9991850074093
2025-01-02,39.48081729727279,1919.5209109914974
2025-01-03,36.993714093763785,1920.2323236755026
2025-01-04,39.508513871828114,1970.4962869771925
2025-01-05,39.454552860504656,1973.6701241724752
2025-01-06,34.60622671411686,1765.7220568686707
2025-01-07,39.89141026696438,2006.231319911394
2025-01-08,39.53813093958264,2024.5633786747944
2025-01-09,41.392412729626834,2083.9768447414326
2025-01-10,43.69791218989069,2454.2737407625123
2025-01-11,42.25313005909551,2430.7316792150805
2025-01-12,39.46222261889034,1915.9248205784838
2025-01-13,37.78694818251666,1894.7753944146593
2025-01-14,45.14671960649972,2555.674480792763
2025-01-15,40.11843686802898,1995.516000537822
2025-01-16,40.02785858382589,1994.966053619348
2025-01-17,39.95174982577999,1903.4950390141175
2025-01-18,40.39616952153571,1992.3722306897375
2025-01-19,39.71127917615212,1990.2062038646618
2025-01-20,38.852675986239525,1950.6266189118462
2025-01-21,38.90628211751922,1893.930348829663
2025-01-22,39.934493459568,2060.010065021635
2025-01-23,38.91315045773247,1902.3487804758986
2025-01-24,38.57430843464567,1977.1882817586204
2025-01-25,40.21286045538379,2032.0027408627736
2025-01-26,39.49004556515829,1942.1909127657243
2025-01-27,43.007985977165376,2539.1648434887443
2025-01-28,34.69806038321398,1675.221177572875
2025-01-29,42.18301370384492,2455.108393872746
2025-01-30,42.492170384995255,2474.6376351519116
2025-01-31,35.8532195351837,1759.1299663053526
2025-02-01,42.974878849683684,2518.3672074874007
2025-02-02,42.9173723058528,2433.3662895626926
2025-02-03,40.84523064840874,2056.6962138844297
2025-02-04,42.10462066266263,2418.247125071693
2025-02-05,41.439102346912726,2065.2396802721087
2025-02-06,47.16479492469163,2698.7801598925707
2025-02-07,45.53161082413931,2616.254977234576
2025-02-08,46.2033642278327,2522.741612729726
2025-02-09,45.103598165930855,2620.3969204404502
2025-02-10,41.40215049540993,1986.982925368713
2025-02-11,42.61121350528484,2482.1879854813246
2025-02-12,44.63900316030022,2588.28541485639
2025-02-13,41.215998420060494,2006.2515994922649
2025-02-14,45.08625089818916,2533.7718305117287
2025-02-15,43.17960324152811,2403.694928652109
2025-02-16,42.91061242274519,2434.784569622823
2025-02-17,45.08217397425136,2538.706984503281
2025-02-18,44.54878066081646,2566.42205965429
2025-02-19,42.938321706206224,2512.4315226162917
2025-02-20,45.97891364457288,2668.729872768142
2025-02-21,41.49812738264459,2046.7979678033144
2025-02-22,44.89212525173291,2534.145168899419
2025-02-23,44.84645655378115,2458.1509180780104
2025-02-24,43.0411611592164,2411.7645546360104
2025-02-25,44.31252008232862,2563.868585771304
2025-02-26,41.158026885073774,2138.6804854311004
2025-02-27,45.50830807625818,2513.697960218913
2025-02-28,43.2904497649584,2434.8992752902755
2025-03-01,43.954553958961924,2496.4074101001497
2025-03-02,47.09801845167378,2668.9089805246695
2025-03-03,43.59131261891448,2439.0854549496416
2025-03-04,42.18307740727288,2430.3569225868487
2025-03-05,41.886741652952196,2070.645115294064
2025-03-06,46.21201990269128,2609.87838159065
2025-03-07,42.43914129500743,2449.2712771505567
2025-03-08,48.50958836396873,2725.8005316889835
2025-03-09,40.83614118423256,2019.9877646852997
2025-03-10,48.39291273658008,2714.165146632712
2025-03-11,45.42203493440524,2566.683598759995
2025-03-12,44.806573776259214,2521.8281373188543
2025-03-13,43.9101618263821,2482.5682881857497
2025-03-14,45.79827222870414,2669.845969960443
2025-03-15,44.9247305951503,2574.2825021545773
2025-03-16,47.20660376403304,2645.5561723001942
2025-03-17,45.22845529732408,2596.2704850917407
2025-03-18,45.30060352292376,2548.3392016583875
2025-03-19,44.27277557557229,2572.2950106579465
2025-03-20,44.88610875255787,2562.787547237798
2025-03-21,45.61560353778412,2575.4150696889947
2025-03-22,41.57966321468675,2101.3690070248513
2025-03-23,42.30362915578857,2336.637650186003
2025-03-24,46.48652818804543,2567.9880359567815
2025-03-25,,2507.390293492841
2025-03-26,44.63203332729464,2538.7488211029176
2025-03-27,45.036867866130784,2638.4691432807936
2025-03-28,45.69516341072334,2696.323177845799
2025-03-29,43.920480639381275,2527.926587041102
2025-03-30,43.44339054919538,2497.2117512069917
2025-03-31,45.39169051019536,2479.531638802131
2025-04-01,41.703508482614325,2058.041734144015
2025-04-02,44.47675954927333,2484.4487898682546
2025-04-03,40.25508682936871,1981.7119615558795
2025-04-04,45.71856531249568,2577.5210746955445
2025-04-05,44.605449002670476,2506.6679212486674
2025-04-06,44.17231350647214,2409.650684804818
2025-04-07,45.625636005735416,2618.677313092647
2025-04-08,46.991202926769546,2595.922995051487
2025-04-09,45.68899416788065,2596.4120515995896
2025-04-10,39.978505575181096,2102.6294122465533
2025-04-11,41.10110010437299,2009.0857756393284
2025-04-12,42.410616882453034,2294.016467985335
2025-04-13,43.71243613826606,2471.3215958192973
2025-04-14,44.69557207878263,2589.8265856890603
2025-04-15,42.20876641153746,2508.355693287903
2025-04-16,,2440.2118986173064
2025-04-17,42.14948817313774,2432.309369818713
2025-04-18,42.437218431860494,2398.595398754022
2025-04-19,40.846931844147946,2037.0491744921906
2025-04-20,41.81378754562258,2222.906544631981
2025-04-21,40.95688482661172,1972.6957249108284
2025-04-22,41.70850753188972,2098.1123596692146
2025-04-23,45.767537631060065,2611.761540141275
2025-04-24,41.7614562601805,2142.3621292559924
2025-04-25,48.92501816751917,2751.1500660495035
2025-04-26,44.64688983960617,2547.7470189555133
2025-04-27,44.02992628523414,2481.9138858906176
2025-04-28,41.943538477481965,2110.6332709363533
2025-04-29,45.06087379666237,2535.884076058248
2025-04-30,42.50897838536884,2456.527513761245
2025-05-01,40.244019629290726,1993.7204646623545
2025-05-02,45.12016907653759,2574.863473521989
2025-05-03,39.8078802005507,1988.930869343286
2025-05-04,42.29854665257135,2471.229845167176
2025-05-05,38.59364714974822,1927.1126713079868
2025-05-06,39.93002301900608,1907.84952753996
2025-05-07,43.54160127127102,2540.1761385992504
2025-05-08,38.74606588442447,1892.0166791780925
2025-05-09,43.62489711599386,2448.556538867252
2025-05-10,41.41550387091095,2040.992128843373
2025-05-11,38.87506644821146,2012.475227069114
2025-05-12,41.26481547811104,1956.4570632066172
2025-05-13,41.94510889925346,2254.142871645673
2025-05-14,,2114.983836675022
2025-05-15,36.859550560219084,1854.1394737174123
2025-05-16,38.54572564835026,1924.5415823866988
2025-05-17,39.50496272889699,1989.5258401877322
2025-05-18,39.851133141799906,2018.6127785089623
2025-05-19,41.241344195101355,2094.3279890525705
2025-05-20,,2045.5503233934978
2025-05-21,37.329311282579795,1870.944598191752
2025-05-22,40.76039570201193,2028.15286408523
2025-05-23,41.22117149056765,2053.494910345707
2025-05-24,41.11958089586208,2046.2336307754701
2025-05-25,42.16156145110924,2464.7665773988156
2025-05-26,41.66784430909781,2113.0700515689336
2025-05-27,,1898.8985761896295
2025-05-28,39.85966857708271,2025.7784676806234
2025-05-29,36.67807813296802,1843.6407163843396
2025-05-30,40.85923643826517,2042.0263840909636
2025-05-31,40.415375374326224,2001.3428460618668
2025-06-01,35.54315767439075,1833.3635197188382
2025-06-02,32.44650284835938,1669.7014655241119
2025-06-03,32.837886919183475,1603.2504625679933
2025-06-04,37.10630570666581,1875.667899689517
2025-06-05,34.92088969228669,1697.4616478872704
2025-06-06,36.36300139474525,1749.1691614978158
2025-06-07,35.05663675226092,1721.4959763835477
2025-06-08,35.05951227899149,1796.0952875687126
2025-06-09,36.876567611952,1891.4846328664041
2025-06-10,33.96791054356525,1724.0497981831272
2025-06-11,35.19224155388196,1795.866867036498
2025-06-12,34.07544942258991,1729.5813854852436
2025-06-13,34.13100754513537,1674.4762974956207
2025-06-14,34.381655753062724,1740.6789148868331
2025-06-15,35.44426754326743,1812.2338534247556
2025-06-16,34.042502756673045,1739.8397043243308
2025-06-17,37.51151225114704,1935.0212811310842
2025-06-18,33.21078539556099,1695.9544621381026
2025-06-19,,1748.8852459609432
2025-06-20,,1759.5344060884038
2025-06-21,37.893955768707464,1893.3717254729202
2025-06-22,35.39310955302315,1725.5617450897716
2025-06-23,37.06368907893727,1845.0311057496754
2025-06-24,32.02887925392606,1564.1988304559804
2025-06-25,35.53410053173852,1742.9461128382068
2025-06-26,36.77926159124687,1831.7371460265676
2025-06-27,,1718.6074028775445
2025-06-28,37.130960750130704,1841.149961024583
2025-06-29,33.96542309979925,1603.5904216422734
2025-06-30,37.81869488037116,1901.599429387205
2025-07-01,34.597796247238506,1729.9500861300367
2025-07-02,29.274322879120685,1422.8617124026248
2025-07-03,29.10899495719846,1488.412031281543
2025-07-04,32.9067689542354,1692.216954593098
2025-07-05,33.15914429146143,1577.5792213546229
2025-07-06,28.954279945693468,1409.577758356363
2025-07-07,29.15962636580829,1419.5242008010496
2025-07-08,29.43643078227899,1424.8263840585062
2025-07-09,27.31109897793145,1407.02869099316
2025-07-10,28.162696107031607,1398.4434984129402
2025-07-11,27.99171846649587,1386.3601812592628
2025-07-12,28.464404869791746,1323.0271252692496
2025-07-13,29.93063022522644,1528.3024127717833
2025-07-14,30.468429465073044,1461.4585535109786
2025-07-15,33.101000985628154,1658.0466807947241
2025-07-16,28.00329191852242,1414.0334428240308
2025-07-17,31.96864479695317,1666.465169639591
2025-07-18,29.572022311548984,1413.1600956214936
2025-07-19,29.90107258069514,1344.0780212437157
2025-07-20,31.34963898433321,1576.6744264543452
2025-07-21,27.754555956875407,1477.753356919313
2025-07-22,30.764819492368105,1600.1882922653772
2025-07-23,30.332904416426114,1527.128191585037
2025-07-24,30.984902528016303,1524.6633171192127
2025-07-25,30.57833728781564,1569.2729942226474
2025-07-26,34.91060027982179,1696.8527040058661
2025-07-27,28.72452003149737,1460.0438900426793
2025-07-28,28.938006089996367,1472.1738124581495
2025-07-29,28.753718947150475,1490.6964427324676
2025-07-30,28.889045761679494,1582.4352900295287
2025-07-31,28.725225745386968,1455.8820856282869
2025-08-01,28.717779024370717,1410.440769933161
2025-08-02,29.180754458135326,1457.7590072971666
2025-08-03,25.198253374656662,1171.458873488377
2025-08-04,24.675034815947157,1199.016084242905
2025-08-05,27.282577074928422,1343.6647318407659
2025-08-06,,1235.560573782954
2025-08-07,27.605609597666636,1387.8982234850178
2025-08-08,26.745592003858214,1296.1586035738007
2025-08-09,23.308257732161152,1221.4644199742813
2025-08-10,29.434756364815737,1471.7481714866965
2025-08-11,29.931501308346657,1496.1100493604022
2025-08-12,25.114168581186842,1239.313693233696
2025-08-13,25.564342842283647,1285.9766763071314
2025-08-14,26.911476743605423,1386.8287504136529
2025-08-15,27.008659542129664,1307.0764663209382
2025-08-16,27.656834507501276,1349.935900921301
2025-08-17,30.360155039688316,1502.8214505455826
2025-08-18,25.985851507167517,1231.999029184715
2025-08-19,24.743151473078708,1196.1946806678604
2025-08-20,23.58110750612656,1155.244331629095
2025-08-21,24.877885882271777,1287.6137531492252
2025-08-22,26.27349201640802,1326.8026672704973
2025-08-23,29.92886168919119,1506.1225800279367
2025-08-24,25.304523364083273,1307.7710663125624
2025-08-25,26.787321865433412,1332.497503851701
2025-08-26,26.30690017001011,1334.8682509969499
2025-08-27,28.71653250905178,1430.6655378059643
2025-08-28,31.393610813902857,1582.9486581651242
2025-08-29,25.27800841631497,1234.7624879351695
2025-08-30,25.36086707711917,1146.102495942137
2025-08-31,28.428067716293757,1414.6894277053727
2025-09-01,26.363782979252623,1389.3265557676282
2025-09-02,,1480.981502685683
2025-09-03,26.16785637065193,1356.662692762155
2025-09-04,24.28141581842588,1275.8773270116048
2025-09-05,26.181309661384617,1313.4983626173027
2025-09-06,27.217407161165816,1370.7361434285706
2025-09-07,26.64096436239473,1301.165623348019
2025-09-08,26.014548062214594,1284.9237603093773
2025-09-09,27.13334937917831,1387.4560264474724
2025-09-10,27.338591180891346,1427.123780903008
2025-09-11,27.764317982075056,1381.2435853197028
2025-09-12,26.297419775179286,1292.3615255163938
2025-09-13,24.665763839366292,1233.3145899111444
2025-09-14,25.293427372866645,1294.731706089788
2025-09-15,27.413017933016715,1298.4581558441585
2025-09-16,23.366128658025527,1053.4973852444145
2025-09-17,25.737346617745803,1259.340488412711
2025-09-18,24.213322375345278,1149.630497471556
2025-09-19,25.057489645869634,1227.467472411116
2025-09-20,27.556903725214596,1370.4561703198563
2025-09-21,25.382198136039808,1246.4474863508397
2025-09-22,25.092873096312296,1327.267031539152
2025-09-23,22.28028771804016,1130.3516241321242
2025-09-24,26.492507132054442,1339.6490745832637
2025-09-25,26.29096836228215,1345.6587753162776
2025-09-26,29.32650944661092,1409.3838164415076
2025-09-27,,1271.1777658757135
2025-09-28,25.43830065532788,1268.126818439621
2025-09-29,25.49876736742151,1308.4623992331362
2025-09-30,28.15490655952695,1354.1524663243397
2025-10-01,26.14915489738171,1229.7698065682823
2025-10-02,26.897789013696293,1385.783933586066
2025-10-03,27.555538981588693,1396.5974253843106
2025-10-04,26.712964208468332,1290.5456327055413
2025-10-05,25.446878733054557,1228.8607825889933
2025-10-06,26.72792594795223,1392.66803661835
2025-10-07,28.487009461875157,1364.8798784503915
2025-10-08,24.286715363333492,1296.4694158294728
2025-10-09,,1285.253228790075
2025-10-10,24.939504332277266,1278.8948128942825
2025-10-11,28.7298392200053,1420.0610372128158
2025-10-12,23.293372152588066,1194.8279791835205
2025-10-13,25.22190226761244,1233.8894132749124
2025-10-14,27.094169712284657,1346.568840310618
2025-10-15,29.470794020624297,1475.585659801001
2025-10-16,26.208245440009637,1260.3028992114082
2025-10-17,25.229346908769216,1298.508562709467
2025-10-18,30.102060101036795,1479.4423267282605
2025-10-19,23.443718161323126,1160.7559122991554
2025-10-20,21.94213404891545,1047.3892337153468
2025-10-21,27.21977486226228,1232.8720601733485
2025-10-22,,1257.2304875425111
2025-10-23,24.29728032789419,1335.4947874753552
2025-10-24,27.75645885675432,1427.0531572326172
2025-10-25,26.827347389698012,1340.4043504981807
2025-10-26,25.211588700682157,1247.4348935736944
2025-10-27,23.779137164813825,1190.0801528812935
2025-10-28,28.084660618715905,1431.5889866945558
2025-10-29,27.640148318072935,1322.9667751382044
2025-10-30,26.14139423459685,1362.7857964632858
2025-10-31,30.033019954250946,1537.4200634846095
2025-11-01,27.85983046734769,1428.9008096527814
2025-11-02,26.948949658150518,1369.3712698480122
2025-11-03,28.61618386023751,1431.7900258965751
2025-11-04,29.908827967289,1529.084460162791
2025-11-05,30.48667889864538,1553.9246516193377
2025-11-06,29.517527884287336,1458.1743586673158
2025-11-07,30.70411079302859,1506.5254510065845
2025-11-08,,1379.9388723440547
2025-11-09,32.88752920814652,1721.8274679820852
2025-11-10,29.835697643214857,1429.8295283780478
2025-11-11,32.23459166317625,1538.3533198711907
2025-11-12,30.685450692755406,1542.5105766995962
2025-11-13,,1548.219707008179
2025-11-14,31.139534560464405,1565.6438112417407
2025-11-15,30.895417120034626,1556.9685158971563
2025-11-16,31.285445519735084,1553.112163255014
2025-11-17,32.65830506026486,1707.408424943347
2025-11-18,30.393042339402935,1439.606918046321
2025-11-19,31.41800751517702,1529.4755245198387
2025-11-20,29.820528611425544,1485.8636925638248
2025-11-21,32.880234430898945,1561.8522809872388
2025-11-22,28.647215395881457,1423.5680495724694
2025-11-23,33.60188086582163,1763.1675515774823
2025-11-24,29.91968409871131,1497.0285293503634
2025-11-25,27.1384497957639,1368.457535074129
2025-11-26,30.256208829821574,1449.8022032324498
2025-11-27,,1401.0767638505379
2025-11-28,31.681287097977446,1565.3045358826755
2025-11-29,28.694752041395216,1418.851847231949
2025-11-30,29.107633133570438,1519.4638464287104
2025-12-01,31.22091853810894,1588.9304799417032
2025-12-02,34.09538736150185,1649.1964702282407
2025-12-03,30.152241346742088,1519.9373062587047
2025-12-04,31.832194353028555,1616.520805076267
2025-12-05,36.5208293122886,1883.0489175404932
2025-12-06,36.571600317301666,1907.607050193502
2025-12-07,35.850915123569926,1741.7910465871028
2025-12-08,33.066047713741575,1612.7595101265617
2025-12-09,34.90457728771604,1682.3499714400712
2025-12-10,34.99279492181886,1737.9387531355942
2025-12-11,32.683270621614916,1657.4814498030626
2025-12-12,38.0067966035343,1949.70655600617
2025-12-13,36.75472458115134,1833.938677875441
2025-12-14,34.55807165234067,1711.9112064542915
2025-12-15,35.05377167798906,1760.27648351189
2025-12-16,35.4167656158951,1729.0811357132538
2025-12-17,30.91653026315142,1650.3034492423094
2025-12-18,34.505645234958806,1644.8992103920373
2025-12-19,33.6360315040044,1691.0386041450063
2025-12-20,32.99675998021017,1751.0183099719907
2025-12-21,34.43779941422809,1722.2299629394042
2025-12-22,38.59537305369904,1920.2667009348772
2025-12-23,36.28168572253402,1796.2120149861796
2025-12-24,33.857642020434405,1683.8625169335999
2025-12-25,36.145165562712315,1875.9007018694422
2025-12-26,,1779.3424480921249
2025-12-27,36.84926736582554,1919.1350533560933
2025-12-28,35.11926073984035,1684.7651793695102
2025-12-29,33.706126444588854,1671.9737057677219
2025-12-30,36.39644662722718,1798.360110346426
2025-12-31,35.786970770843496,1818.7762020307107
2026-01-01,41.790386440055464,2009.6131044085857
2026-01-02,41.27034360336394,2086.6258134722943
2026-01-03,42.09910543063867,2506.1707526962764
2026-01-04,38.92952957687886,1878.3177786143026
2026-01-05,42.63478813126865,2441.224714943952
2026-01-06,40.3951992093848,1986.6608515794096
2026-01-07,44.15052174525053,2528.8204475721786
2026-01-08,38.621624363820864,1932.0386070618308
2026-01-09,43.471927606330496,2441.5220348643097
2026-01-10,40.39582156692529,2044.1846925898183
2026-01-11,38.6971639927711,2025.0756051278922
2026-01-12,39.03222833189135,1942.0662270082028
2026-01-13,39.35930538361136,2003.9531662879767
2026-01-14,40.848331892803834,1977.7529467466336
2026-01-15,41.045670976071,2004.4617299626493
2026-01-16,38.85259999212284,1966.250313500161
2026-01-17,39.95129081547803,2071.7703422007
2026-01-18,44.28454071722373,2532.0077033004695
2026-01-19,43.455086340201426,2457.1014154839136
2026-01-20,40.87264733934806,2043.596937238571
2026-01-21,40.0760069563364,1941.279961118334
2026-01-22,40.240062653436524,2042.2288989895947
2026-01-23,41.227035945460834,2105.4684503892117
2026-01-24,37.95441486960319,1875.1162268385056
2026-01-25,39.48524692515331,1950.7602388696907
2026-01-26,36.66283185224482,1846.4355040948435
2026-01-27,40.798446245210556,2018.086325458498
2026-01-28,41.29439187940548,2061.412963238983
2026-01-29,39.03362707540125,2056.6674432283885
2026-01-30,43.14797352658007,2445.047391291703
2026-01-31,37.548468673995316,1859.5064260987047
2026-02-01,40.73150427742474,2004.1981235894789
2026-02-02,44.10915767496433,2542.6674823232133
2026-02-03,45.754450643068694,2578.6613234925294
2026-02-04,47.02810942076012,2618.9368191219346
2026-02-05,42.742485512106505,2503.1894772189758
2026-02-06,45.817615704706974,2661.8609354610303
2026-02-07,43.583237098842964,2449.140676655213
2026-02-08,43.31499943796274,2372.422974330106
2026-02-09,45.42757391281773,2621.7543801327324
2026-02-10,44.96489979467122,2514.013498445561
2026-02-11,40.507469723875886,2064.9047661519326
2026-02-12,46.61333473729617,2532.161545979217
2026-02-13,46.42043674613929,2665.65170422193
2026-02-14,42.40912863482532,2359.897835277227
2026-02-15,44.4518611047192,2559.1312611892863
2026-02-16,44.64831441040986,2533.1293739123143
2026-02-17,44.181601569492194,2461.3831075047774
2026-02-18,42.55964373015354,2407.6303708613377
2026-02-19,42.31700730196828,2450.1662879462488
2026-02-20,43.60914589586149,2485.7520174488363
2026-02-21,46.00571207636311,2629.5062528417793
2026-02-22,44.74745434703325,2636.1947465774365
2026-02-23,42.91902537367217,2367.7391880980563
2026-02-24,45.20365145914107,2641.043201705485
2026-02-25,37.96316879658423,1903.376236705372
2026-02-26,45.95778543858859,2552.950069513273
2026-02-27,40.18082648028818,1942.5256427274596
2026-02-28,42.93537215503812,2437.312588213054
2026-03-01,42.760660210747716,2484.1155161336087
2026-03-02,42.410637048558186,2414.1543964090324
2026-03-03,47.321653574757036,2741.6404252502193
2026-03-04,44.06459759737622,2430.671095366233
2026-03-05,45.69300776346143,2584.045940780769
2026-03-06,44.90615884224163,2482.6882698914255
2026-03-07,45.95408165444624,2615.88567685356
2026-03-08,45.15364378212051,2602.0265586108903
2026-03-09,42.43401555162286,2400.6626878970906
2026-03-10,46.99253363889428,2519.4159891133568
2026-03-11,44.01248683367737,2510.5717490236934
2026-03-12,41.8868362026805,2116.1787377207
2026-03-13,44.143769678068175,2527.403221651494
2026-03-14,48.001519581268624,2761.865088654539
2026-03-15,,2581.469490228897
2026-03-16,44.30269573118428,2549.145591831736
2026-03-17,44.30148459136314,2574.699605192056
2026-03-18,44.35672989756524,2428.907115677936
2026-03-19,49.153495967121685,2773.6573896520335
2026-03-20,45.763870904463104,2562.9845536727717
2026-03-21,,2588.9280310640247
2026-03-22,47.060566908063684,2670.412169580101
2026-03-23,45.47757831805303,2549.5174876969736
2026-03-24,44.48191570835859,2490.310381459849
2026-03-25,44.607300301830044,2532.0726359659034
2026-03-26,44.856797481171874,2488.477577115453
2026-03-27,44.92555552698032,2491.9865199047563
2026-03-28,46.45525908727396,2656.731618511523
2026-03-29,45.1038917716146,2497.7548868227973
2026-03-30,46.465280154431156,2656.5796327670187
2026-03-31,44.838566839782835,2565.057906631839
2026-04-01,43.81752441847657,2404.5858844842987
2026-04-02,39.66385266878017,1949.314400822226
2026-04-03,45.492909387249355,2634.350939514836
2026-04-04,44.35323098964037,2468.6032729250346
2026-04-05,45.656274257563695,2559.593499762715
2026-04-06,37.86774328145701,1916.4902087354453
2026-04-07,47.83700344740584,2731.019697834422
2026-04-08,43.38107478153404,2456.476794774477
2026-04-09,45.876619671319425,2563.955473831389
2026-04-10,41.58044218359333,2150.140602264592
2026-04-11,44.88580184796953,2631.2350755883554
2026-04-12,41.55342291149708,2126.6140481139437
2026-04-13,,2424.9017129508898
2026-04-14,47.48831674557796,2634.0025511968515
2026-04-15,43.278889236317696,2422.422241488057
2026-04-16,44.09511978420384,2530.8816944734795
2026-04-17,45.400389499221895,2590.939386005529
2026-04-18,44.6516178137896,2602.6608203368014
2026-04-19,43.961091848131545,2530.5770970333842
2026-04-20,44.39017604277684,2444.354787050851
2026-04-21,48.46708520832094,2775.951641302193
2026-04-22,43.54501644377722,2427.3477908231403
2026-04-23,44.06245213127433,2483.924042966099
2026-04-24,45.76156282985961,2600.5881518055653
2026-04-25,45.87130590376036,2693.348669677216
2026-04-26,46.03431464896515,2757.2116602485257
2026-04-27,44.93771448190276,2577.221877051947
2026-04-28,41.374244212383424,2059.5523796831517
2026-04-29,46.92711710244658,2673.081137546357
2026-04-30,41.36756325180701,2112.7609338840425
2026-05-01,40.60527093047806,2014.2301652460435
2026-05-02,38.491448299961284,2014.3329827936805
2026-05-03,39.87172330681401,2005.0897033002707
2026-05-04,40.65752482060696,2057.7633954849175
2026-05-05,40.64271443090055,2065.4319341477503
2026-05-06,40.84384150847057,2063.2714059542513
2026-05-07,43.227422538117295,2503.3181519293457
2026-05-08,40.90706860302796,2014.4907708240517
2026-05-09,39.511686729418706,1947.6692487736339
2026-05-10,41.92817433657672,2041.4010051802513
2026-05-11,42.37894097784928,2440.9221104234757
2026-05-12,37.54478436972602,1916.1860436619065
2026-05-13,41.194800139699716,2082.62865029258
2026-05-14,41.4023454846218,2153.841895898467
2026-05-15,39.404872993280016,1969.9638487225484
2026-05-16,42.75141362662324,2471.0077641107873
2026-05-17,39.69988882593495,1930.4093974897817
2026-05-18,40.251152906943084,1993.2026602234341
2026-05-19,39.65385635143226,2017.4697054499018
2026-05-20,40.03115809516294,2044.013010295304
2026-05-21,37.8074498262096,1875.674143927271
2026-05-22,,1852.4149491476671
2026-05-23,43.18901012644994,2383.5568189884566
2026-05-24,38.306077303363345,1897.4524051278368
2026-05-25,38.01721530108738,1945.3799232303584
2026-05-26,35.693219772792574,1813.4212394449569
2026-05-27,38.72207650462099,1961.13711130011
2026-05-28,37.353820413185005,1870.1797050182981
2026-05-29,43.28403032027274,2464.554673945046
2026-05-30,42.019634178685266,2367.965651960591
2026-05-31,38.62369930964455,1966.1263864923544
2026-06-01,39.50487161068862,1996.2922277539003
2026-06-02,36.96353097398319,1872.7774910987994
2026-06-03,34.35033723298275,1691.2151195157585
2026-06-04,30.001188570252854,1392.3922825190805
2026-06-05,39.58188514518148,2033.951892846759
2026-06-06,32.22085506647281,1587.1008805232202
2026-06-07,31.709202506086218,1542.3213371021548
2026-06-08,37.04514086401928,1886.9309887966638
2026-06-09,39.87950481267855,1974.3746086379708
2026-06-10,37.768545637021035,1941.4241010533829
2026-06-11,36.127818240104716,1837.2412094840706
2026-06-12,36.18950868333057,1843.6539003265525
2026-06-13,36.70683111756062,1767.0437703180041
2026-06-14,36.51785717957353,1886.4900582479966
2026-06-15,,1791.1816689586303
2026-06-16,35.20840220790375,1741.9562534328777
2026-06-17,34.87481374420096,1750.9101105771604
2026-06-18,33.49207082226665,1585.7917794684163
2026-06-19,34.43864984626645,1742.3651328873561
2026-06-20,31.61408637160923,1529.2357431713579
2026-06-21,34.8033207464105,1672.5325230283484
2026-06-22,33.022817785698166,1575.0229299740138
2026-06-23,32.79282136556846,1695.275487027919
2026-06-24,35.35978830230696,1736.5262454307085
2026-06-25,37.7840045726892,1965.886614130285
2026-06-26,36.83663321200463,1815.0415874476164
2026-06-27,31.858998792753646,1507.5820417580348
